1,Rickie,Domenge
2,Keefer,Frodsham
3,Dulcia,Gagen
4,Keefe,Bulpitt
5,Udell,Gornall
6,Chlo,Brearty
7,Janeta,Cokly
8,Delores,Haugen
9,Edmon,Chimienti
10,Mufi,Hugin
11,Dottie,Verna
12,Tyson,Jephcott
13,Ugo,Carverhill
14,Eleonore,Keyes
15,Friederike,Baseley
16,Eugene,Donizeau
17,Andra,Algar
18,Arlen,Conry
19,Haley,Hulkes
20,Grace,Gore
21,Veronika,Shipman
22,Teressa,Fortin
23,Rafael,Scutt
24,Dwight,Murthwaite
25,Sheelah,Sivyour
26,Alphard,Pollen
27,Chauncey,Vost
28,Skippy,Rodliff
29,Nickola,Shoobridge
30,Lizzy,Bowerman
31,Carlynn,Romeril
32,Adriena,Hirschmann
33,Brittne,Drennan
34,Cleo,Gegg
35,Ellen,Rodge
36,Gib,Postin
37,Clarance,Winram
38,Rosie,Yurocjkin
39,Dwain,Ciccetti
40,Philippa,Lilie
41,Helenelizabeth,Granger
42,Moselle,Emby
43,Brendan,McAlpine
44,Deeyn,Coniff
45,Dinnie,Goodlett
46,Luther,Aspole
47,Brocky,McGlone
48,Moises,Rizzello
49,Griffy,Stainsby
50,Casey,Tarbatt
51,Josselyn,Leacock
52,Gerick,Punyer
53,Mallory,Bolstridge
54,Betti,Tookill
55,Leigh,Durrand
56,Chris,Bunston
57,Goldy,Gumery
58,Garrot,Klaes
59,Zahara,Wickett
60,Joela,Paoletti
61,Dagmar,Paler
62,Jecho,Fakeley
63,Abey,Norville
64,Kiah,Tanman
65,Wilek,Buttery
66,Davida,Pavlasek
67,Eilis,Yuranovev
68,Dillie,Keegan
69,Paolo,Overall
70,Karlyn,Madgett
71,Marmaduke,Terrington
72,Annabelle,Triswell
73,Elmo,Cornilleau
74,Forest,Glason
75,Nady,Munson
76,Ines,Croisier
77,Massimo,Cordner
78,Ava,Jiracek
79,Eddy,Mainson
80,Juieta,Ravenscroftt
81,Humphrey,Olivey
82,Brandie,Duce
83,Petrina,Quarrell
84,Bernadene,Farrington
85,Pearle,Bevar
86,Ram,Iacovelli
87,Martino,Sent
88,Beck,Castanho
89,Bonnee,Shovelton
90,Kit,Riddle
91,Thebault,Eickhoff
92,Leonerd,Yurtsev
93,Calv,Waite
94,Fallon,MacGorley
95,Andreas,Trethewey
96,Caril,Wapple
97,Hart,Baack
98,Rebe,Godleman
99,Cecilio,Stanes
100,Barron,Gilluley
101,Pembroke,Prazer
102,Noak,Cuchey
103,Siouxie,Wallentin
104,Barbie,Hiers
105,Sinclare,Delmonti
106,Merell,Wanell
107,Carlotta,Hazeley
108,Elia,Feron
109,Horten,Haestier
110,Nealson,Tapner
111,Cornela,Coppens
112,Vyky,Branston
113,Adolf,Fegan
114,Dena,Yaxley
115,Arty,Joint
116,Lyndy,McCutcheon
117,May,Iscowitz
118,Karina,Kineton
119,Eugenius,Dibley
120,Rosella,Brookhouse
121,Davey,Cottill
122,Delano,Leech
123,Bill,Danat
124,Alfons,Farnworth
125,Margaretha,Craigie
126,Hildegarde,Croucher
127,Merrielle,Stubbley
128,Sibbie,Sealeaf
129,Olenolin,McClinton
130,Susy,Hattersley
131,Alameda,Durman
132,Thekla,Cardnell
133,Nona,Suermeier
134,Jaye,Lidgey
135,Noella,Beirne
136,Nevin,Wimpey
137,Charil,Bengtsen
138,Nydia,Yuranovev
139,Leisha,Brisse
140,Reece,Theuff
141,Burke,Arbor
142,Filide,Fulep
143,Cyrill,Freschini
144,Terry,Barnett
145,Arliene,Brooke
146,Orelie,Beekman
147,Calida,Bygott
148,Timothee,Pourveer
149,Alden,Vesco
150,Svend,Foxcroft
151,Tammi,Trussell
152,Adrian,Rennix
153,Marthena,Buncom
154,Julee,Nannetti
155,Jena,Owtram
156,Sidonia,Comolli
157,Buddy,Plott
158,Aviva,Le Cornu
159,Alistair,Emett
160,Sully,Beaver
161,Maye,Wozencroft
162,Padraic,Arthy
163,Farrell,Curzon
164,Yurik,MacKeogh
165,Meara,Riceards
166,Meg,Clayworth
167,Saxon,Erswell
168,Drew,Bysaker
169,Carmella,Broadist
170,Nissy,Scarlett
171,Herminia,Meric
172,Mariska,Daldry
173,Jaime,Winscomb
174,Adriaens,Lamblot
175,Rori,Smaleman
176,Daniella,Ohrtmann
177,Genevieve,Clemenzi
178,Jasun,Lusher
179,Korry,Neller
180,Amber,Sibborn
181,Sheffy,Arenson
182,Cinda,Rummery
183,Lilly,Armit
184,Ailbert,Scriviner
185,Heath,Povah
186,Modestine,Hickford
187,Ethelred,Orys
188,Chiquia,Izakovitz
189,Hugo,Deble
190,Joy,China
191,Blane,Clearie
192,Libbey,Dripps
193,Bradan,Epdell
194,Glen,Smallpeace
195,Kelby,Comizzoli
196,Zak,Zapater
197,Agna,Mulvey
198,Julissa,Silverstone
199,Tierney,Condell
200,Annabell,Lydall
201,Babita,Trank
202,Jessalyn,Archibould
203,Dasha,Chrystal
204,Cassandra,Swainston
205,Doloritas,Walcher
206,Elinor,Sweetzer
207,Harold,Thickin
208,Charlot,Booij
209,Lorianna,Hellikes
210,Riley,Osborn
211,Fairfax,Feifer
212,Broderick,Storey
213,Querida,Risely
214,Mabelle,Doring
215,Jorge,Trynor
216,Norry,Snell
217,Luis,Giovannelli
218,Tye,Duberry
219,Susy,Cristol
220,Dodi,Crosston
221,Shoshana,Harwood
222,Phoebe,Lineker
223,Adrien,Vlasenko
224,Claudianus,Mycock
225,Claude,Liell
226,Maury,Pendry
227,Bill,Scud
228,Iver,Muriel
229,Cordelia,Mapletoft
230,Lori,MacDearmaid
231,Bartholomew,Abbay
232,Sinclare,Novacek
233,Reidar,Dulwitch
234,Allayne,Carhart
235,Claus,Mannie
236,Emalia,Groundwater
237,Billi,Worts
238,Garth,Le Brun
239,Meg,Hockell
240,Zechariah,Rekes
241,Barney,Larder
242,Ravid,Zecchinii
243,Dannie,Eilles
244,Sully,Lonsbrough
245,Geoffry,Roser
246,Kailey,Birkmyr
247,Shay,Osmant
248,Emmie,Macro
249,Boot,Roggers
250,Kizzie,Dawkins
251,Findlay,McGawn
252,Yuma,Dyter
253,Nikolaus,Schimoni
254,Gisele,McKenzie
255,Margalo,Frise
256,Shae,Creyke
257,Carola,Couling
258,Monro,Streak
259,Allie,Bloor
260,Agnola,Frotton
261,Cleveland,Armour
262,Beulah,de Merida
263,Kory,Del Checolo
264,Antonius,Le Ball
265,Nico,Petric
266,Shelby,Gervaise
267,Annemarie,Tukesby
268,Lori,Rudd
269,Vernice,Hargey
270,Fancy,Allsepp
271,Georgia,Storek
272,Magdalene,Bruford
273,Haleigh,Harewood
274,Lida,Adolf
275,Hilton,Harridge
276,Chantalle,Posen
277,Patrice,Bossom
278,Zelma,Lorinez
279,Tine,Charville
280,Mandie,Pulver
281,Brandy,Rosencrantz
282,Cheslie,Bruyntjes
283,Aindrea,Sinfield
284,La verne,Muat
285,Pebrook,Greyes
286,Elvira,Courtier
287,Alexei,Cumine
288,Phylys,Budd
289,Valentijn,Wimbury
290,Meg,Stanfield
291,Gwenore,Corwin
292,Derby,Manach
293,Orson,Blackford
294,Beauregard,Holley
295,Patsy,Duiged
296,Andrew,Sidle
297,Flo,Kwietak
298,Lainey,Sayward
299,Zarla,Gummory
300,Welby,Sarjeant
